Model,CV_Before,CV_After,Test
CART,0.9956962911275303,0.9963868032371233,0.38403303509979353
RF,0.9877775406645032,0.990809699322408,0.36269786648313834
XGBoost,0.9974194599898749,0.9979357107984245,0.3668272539573297
LightGBM,0.9975923036364821,0.9979353720875211,0.24913971094287682
