Model,CV_Before,CV_After,Test
CART,0.9956970978890226,0.9963868032371233,0.3785271851342051
RF,0.9892441119867171,0.9906336151897931,0.36407432897453545
XGBoost,0.9974194599898749,0.9979357107984245,0.3668272539573297
LightGBM,0.9975923036364821,0.9979353720875211,0.24913971094287682
